City_ID,City,Country,Date,Lat,Lng,Max Temp,Humidity,Cloudiness,Wind Speed
0,Rio Gallegos,AR,2021-06-03 21:41:32,-51.6226,-69.2181,37.45,93,90,3.44
1,Takoradi,GH,2021-06-03 21:43:26,4.8845,-1.7554,80.13,85,36,8.1
2,Cape Town,ZA,2021-06-03 21:38:41,-33.9258,18.4232,55.11,94,0,2.33
3,Ushuaia,AR,2021-06-03 21:43:26,-54.8,-68.3,28.02,93,0,5.75
4,Yulara,AU,2021-06-03 21:43:27,-25.2406,130.9889,46.24,81,81,6.91
5,Asfi,MA,2021-06-03 21:43:27,32.2994,-9.2372,64.27,74,26,15.23
6,Bluff,NZ,2021-06-03 21:38:58,-46.6,168.3333,49.8,84,97,14.23
7,Sibolga,ID,2021-06-03 21:43:28,1.7427,98.7792,77.25,90,100,2.48
8,The Valley,AI,2021-06-03 21:43:28,18.217,-63.0578,84.06,74,20,12.66
9,Nikolskoye,RU,2021-06-03 21:43:28,59.7035,30.7861,60.69,82,20,4.72
10,Esperance,AU,2021-06-03 21:43:29,-33.8667,121.9,51.64,81,0,10.49
11,Luderitz,NA,2021-06-03 21:43:29,-26.6481,15.1594,69.21,31,0,19.84
12,Georgetown,MY,2021-06-03 21:41:58,5.4112,100.3354,80.89,90,20,1.99
13,Monrovia,LR,2021-06-03 21:43:29,6.3005,-10.7969,81.12,81,100,8.14
14,Jamestown,US,2021-06-03 21:42:27,42.097,-79.2353,69.12,95,90,1.99
15,Clyde River,CA,2021-06-03 21:39:05,70.4692,-68.5914,28.63,93,90,12.66
16,Punta Arenas,CL,2021-06-03 21:42:20,-53.15,-70.9167,35.71,93,90,11.99
17,Lebu,CL,2021-06-03 21:43:30,-37.6167,-73.65,56.39,97,100,4.85
18,East London,ZA,2021-06-03 21:43:30,-33.0153,27.9116,58.57,66,87,3.69
19,Paamiut,GL,2021-06-03 21:43:31,61.994,-49.6678,36.61,70,27,10.56
20,Sorkjosen,NO,2021-06-03 21:43:31,69.8,20.9333,56.68,60,10,0.51
21,Pingzhuang,CN,2021-06-03 21:43:31,42.0372,119.2889,57.92,57,74,6.91
22,Rodeo,US,2021-06-03 21:43:31,38.033,-122.2669,99.9,61,1,3.0
23,Puerto Ayora,EC,2021-06-03 21:43:32,-0.7393,-90.3518,82.36,86,43,7.0
24,Busselton,AU,2021-06-03 21:43:32,-33.65,115.3333,49.08,83,11,6.06
25,Mercedes,AR,2021-06-03 21:41:05,-34.6515,-59.4307,63.84,79,90,7.83
26,College,US,2021-06-03 21:39:30,64.8569,-147.8028,69.22,32,75,6.91
27,Kushima,JP,2021-06-03 21:43:33,31.4583,131.2333,78.31,95,100,14.92
28,Hobart,AU,2021-06-03 21:38:42,-42.8794,147.3294,48.06,72,40,11.9
29,Lunglei,IN,2021-06-03 21:43:33,22.8833,92.7333,66.81,99,94,1.86
30,Sao Felix Do Xingu,BR,2021-06-03 21:43:33,-6.6447,-51.995,81.16,56,49,2.93
31,Barrow,US,2021-06-03 21:40:01,71.2906,-156.7887,32.02,80,90,20.71
32,Yellowknife,CA,2021-06-03 21:43:34,62.456,-114.3525,63.12,63,90,9.22
33,Kapaa,US,2021-06-03 21:43:34,22.0752,-159.319,83.19,80,90,5.99
34,Katsuura,JP,2021-06-03 21:43:34,35.1333,140.3,72.1,88,99,23.47
35,Asau,RO,2021-06-03 21:43:35,46.4333,26.4,58.12,75,100,4.88
36,Sigli,ID,2021-06-03 21:43:35,5.3848,95.9609,79.02,85,92,3.94
37,Xucheng,CN,2021-06-03 21:43:35,20.35,110.1288,77.7,82,94,2.89
38,Winneba,GH,2021-06-03 21:43:36,5.3511,-0.6231,84.67,86,9,9.89
39,Rikitea,PF,2021-06-03 21:43:36,-23.1203,-134.9692,72.57,65,89,15.86
40,Fortuna,US,2021-06-03 21:43:36,40.5982,-124.1573,93.47,83,75,4.0
41,Kruisfontein,ZA,2021-06-03 21:43:37,-34.0033,24.7314,48.83,70,11,6.17
42,Avarua,CK,2021-06-03 21:43:37,-21.2078,-159.775,80.65,74,75,5.75
43,Calbuco,CL,2021-06-03 21:43:37,-41.768,-73.1273,52.81,90,100,8.52
44,Alexandria,EG,2021-06-03 21:43:37,31.2156,29.9553,69.76,68,0,11.5
45,Bethel,US,2021-06-03 21:43:38,41.3712,-73.414,73.51,85,90,6.91
46,Kasempa,ZM,2021-06-03 21:43:38,-13.4584,25.8338,61.84,45,70,4.61
47,Atuona,PF,2021-06-03 21:43:38,-9.8,-139.0333,79.3,82,48,18.43
48,Wonthaggi,AU,2021-06-03 21:43:39,-38.6044,145.5913,50.43,73,99,16.58
49,Thompson,CA,2021-06-03 21:43:39,55.7435,-97.8558,59.16,47,90,5.75
50,Statesboro,US,2021-06-03 21:40:22,32.4488,-81.7832,87.94,61,75,9.22
51,Mitsamiouli,KM,2021-06-03 21:43:39,-11.3847,43.2844,77.58,74,12,3.74
52,Kahului,US,2021-06-03 21:43:40,20.8947,-156.47,84.22,71,40,25.32
53,Caravelas,BR,2021-06-03 21:43:40,-17.7125,-39.2481,73.06,86,98,5.48
54,Port Elizabeth,ZA,2021-06-03 21:43:40,-33.918,25.5701,44.89,93,40,3.44
55,Alyangula,AU,2021-06-03 21:43:41,-13.8483,136.4192,66.07,100,51,9.55
56,Nome,US,2021-06-03 21:42:09,64.5011,-165.4064,37.47,60,75,20.71
57,Umkomaas,ZA,2021-06-03 21:43:41,-30.2067,30.7978,55.6,80,97,18.86
58,Dikson,RU,2021-06-03 21:43:41,73.5069,80.5464,30.18,98,98,13.78
59,Danjiangkou,CN,2021-06-03 21:43:42,32.5428,111.5086,61.39,76,27,7.56
60,Khatanga,RU,2021-06-03 21:43:42,71.9667,102.5,32.16,89,100,5.84
61,Changji,CN,2021-06-03 21:43:42,44.0167,87.3167,83.19,21,0,10.63
62,Carnarvon,AU,2021-06-03 21:43:43,-24.8667,113.6333,51.87,93,1,9.22
63,Mataura,NZ,2021-06-03 21:43:43,-46.1927,168.8643,49.48,91,98,4.07
64,Porosozero,RU,2021-06-03 21:43:43,62.7191,32.727,54.95,67,0,2.73
65,Victoria,HK,2021-06-03 21:41:47,22.2855,114.1577,85.32,86,100,5.01
66,Albany,US,2021-06-03 21:43:44,42.6001,-73.9662,73.98,79,96,6.42
67,Bajil,YE,2021-06-03 21:43:44,15.0584,43.2851,89.38,51,83,5.93
68,Jining,CN,2021-06-03 21:43:44,35.405,116.5814,66.99,1,3,1.01
69,Hilo,US,2021-06-03 21:43:45,19.7297,-155.09,80.8,70,40,8.05
70,Marseille,FR,2021-06-03 21:43:45,43.3333,5.5,63.95,70,2,3.8
71,Tuktoyaktuk,CA,2021-06-03 21:43:45,69.4541,-133.0374,44.6,70,75,13.8
72,Bonavista,CA,2021-06-03 21:43:46,48.6499,-53.1147,75.2,69,55,12.06
73,Sinnamary,GF,2021-06-03 21:43:46,5.3833,-52.95,78.82,88,96,9.64
74,Yumen,CN,2021-06-03 21:43:46,40.2833,97.2,62.98,9,0,4.83
75,Arraial Do Cabo,BR,2021-06-03 21:43:30,-22.9661,-42.0278,76.86,83,20,2.3
76,Vao,NC,2021-06-03 21:43:47,-22.6667,167.4833,71.78,72,56,14.94
77,Castro,BR,2021-06-03 21:43:47,-24.7911,-50.0119,61.11,87,32,1.16
78,San Patricio,US,2021-06-03 21:43:47,28.017,-97.5169,83.88,74,96,9.89
79,Bredasdorp,ZA,2021-06-03 21:43:47,-34.5322,20.0403,54.28,93,100,4.65
80,Lorengau,PG,2021-06-03 21:43:48,-2.0226,147.2712,81.19,75,98,0.6
81,Saint-Philippe,RE,2021-06-03 21:43:48,-21.3585,55.7679,71.15,74,15,11.7
82,Bali,ID,2021-06-03 21:43:49,-8.5,115.0,79.77,83,64,3.47
83,Erenhot,CN,2021-06-03 21:43:49,43.6475,111.9767,50.52,70,25,11.18
84,Port Alfred,ZA,2021-06-03 21:43:49,-33.5906,26.891,56.59,64,56,1.95
85,Paraiso,CR,2021-06-03 21:43:49,9.8383,-83.8656,72.46,96,100,2.19
86,Hithadhoo,MV,2021-06-03 21:43:50,-0.6,73.0833,83.48,70,100,18.3
87,Hermanus,ZA,2021-06-03 21:43:50,-34.4187,19.2345,54.9,76,100,9.48
88,Shingu,JP,2021-06-03 21:43:50,33.7333,135.9833,72.91,99,100,11.27
89,Tianpeng,CN,2021-06-03 21:43:51,30.9866,103.9393,64.87,64,100,2.75
90,Vaini,TO,2021-06-03 21:43:37,-21.2,-175.2,73.56,83,20,0.0
91,Muli,MV,2021-06-03 21:43:51,2.9167,73.5667,82.83,75,92,17.47
92,Upernavik,GL,2021-06-03 21:43:51,72.7868,-56.1549,35.04,69,10,2.75
93,Maibong,IN,2021-06-03 21:43:52,25.3,93.1667,71.87,99,69,3.27
94,Souillac,MU,2021-06-03 21:43:52,-20.5167,57.5167,74.35,78,40,15.41
95,Namibe,AO,2021-06-03 21:43:52,-15.1961,12.1522,70.83,80,20,3.91
96,Zhigansk,RU,2021-06-03 21:43:53,66.7697,123.3711,62.01,54,100,6.02
97,Puerto Madryn,AR,2021-06-03 21:43:53,-42.7692,-65.0385,51.64,84,100,7.83
98,Moron,AR,2021-06-03 21:43:53,-34.6534,-58.6198,64.29,73,87,1.01
99,Naze,JP,2021-06-03 21:43:54,28.3667,129.4833,76.12,90,100,17.67
100,Riosucio,CO,2021-06-03 21:43:54,5.4216,-75.7032,77.43,90,100,1.92
101,Taoudenni,ML,2021-06-03 21:43:54,22.6783,-3.9836,102.61,9,56,5.61
102,Calabozo,VE,2021-06-03 21:43:54,8.9242,-67.4293,86.9,52,97,3.74
103,Chokurdakh,RU,2021-06-03 21:43:55,70.6333,147.9167,57.34,58,100,2.46
104,Henties Bay,NA,2021-06-03 21:43:55,-22.116,14.2845,66.85,47,0,4.03
105,Bilibino,RU,2021-06-03 21:43:55,68.0546,166.4372,57.78,34,12,1.7
106,Herat,AF,2021-06-03 21:43:56,34.5,62.0,81.77,11,0,7.99
107,Saskylakh,RU,2021-06-03 21:43:56,71.9167,114.0833,33.8,100,100,10.13
108,West Bay,KY,2021-06-03 21:43:56,19.3667,-81.4167,86.0,76,20,5.01
109,Sept-Iles,CA,2021-06-03 21:42:39,50.2001,-66.3821,60.06,69,75,4.0
110,Pimentel,PE,2021-06-03 21:43:57,-6.8367,-79.9342,71.89,78,40,4.0
111,Cockburn Town,TC,2021-06-03 21:43:54,21.4612,-71.1419,84.16,65,40,13.8
112,Puerto Leguizamo,CO,2021-06-03 21:43:57,-0.1934,-74.7819,77.18,92,52,2.46
113,Byron Bay,AU,2021-06-03 21:43:46,-28.65,153.6167,60.71,71,0,10.83
114,New Norfolk,AU,2021-06-03 21:43:48,-42.7826,147.0587,47.7,66,91,3.0
115,Neuruppin,DE,2021-06-03 21:43:57,52.9282,12.8031,69.98,68,93,5.14
116,Bambous Virieux,MU,2021-06-03 21:43:45,-20.3428,57.7575,74.21,78,40,17.11
117,Binghamton,US,2021-06-03 21:42:46,42.0987,-75.918,71.69,85,90,3.0
118,Thinadhoo,MV,2021-06-03 21:43:58,0.5333,72.9333,84.09,67,100,17.09
119,Cidreira,BR,2021-06-03 21:43:58,-30.1811,-50.2056,59.94,80,0,6.91
120,Cabo San Lucas,MX,2021-06-03 21:42:23,22.8909,-109.9124,93.81,49,0,8.55
121,Ribeira Grande,PT,2021-06-03 21:43:59,38.5167,-28.7,62.4,67,44,9.46
122,Provideniya,RU,2021-06-03 21:43:59,64.3833,-173.3,35.71,69,90,13.42
123,Los Llanos De Aridane,ES,2021-06-03 21:43:59,28.6585,-17.9182,64.15,86,90,14.72
124,Kjollefjord,NO,2021-06-03 21:43:59,70.9457,27.3465,58.78,71,17,9.13
125,Qaanaaq,GL,2021-06-03 21:43:26,77.484,-69.3632,28.71,83,28,2.91
126,Bama,NG,2021-06-03 21:44:00,11.5221,13.6856,90.25,30,10,6.73
127,Madison,US,2021-06-03 21:40:01,34.7334,-86.5667,83.79,61,40,1.01
128,Khani,GE,2021-06-03 21:44:00,41.9563,42.9566,47.77,82,34,4.52
129,Narendranagar,IN,2021-06-03 21:44:01,30.1667,78.3,67.59,53,8,6.2
130,Butaritari,KI,2021-06-03 21:43:28,3.0707,172.7902,83.07,76,92,12.21
131,Jaciara,BR,2021-06-03 21:44:01,-15.9653,-54.9683,77.36,42,9,2.1
132,Mandalgovi,MN,2021-06-03 21:44:01,45.7625,106.2708,48.92,67,0,4.52
133,Bac Lieu,VN,2021-06-03 21:44:02,9.285,105.7244,81.86,83,64,7.56
134,Constitucion,CL,2021-06-03 21:40:56,-35.3333,-72.4167,58.28,90,100,8.05
135,Minatitlan,MX,2021-06-03 21:44:02,17.9833,-94.5167,93.33,42,38,13.29
136,San Cristobal,VE,2021-06-03 21:44:03,7.7669,-72.225,77.18,70,80,4.38
137,Kavieng,PG,2021-06-03 21:44:03,-2.5744,150.7967,82.71,74,98,3.91
138,Mayor Pablo Lagerenza,PY,2021-06-03 21:44:03,-19.9309,-60.7718,84.7,38,55,6.89
139,Alice Springs,AU,2021-06-03 21:43:29,-23.7,133.8833,53.15,82,90,8.41
140,Makat,KZ,2021-06-03 21:44:04,47.6469,53.3463,71.92,57,1,13.35
141,Effium,NG,2021-06-03 21:44:04,6.6292,8.0593,80.24,80,74,10.07
142,San Bartolome De Tirajana,ES,2021-06-03 21:44:04,27.9248,-15.5733,58.32,72,40,15.23
143,Malanje,AO,2021-06-03 21:44:04,-9.5402,16.341,63.27,51,17,1.92
144,Pampas,PE,2021-06-03 21:44:05,-12.4,-74.9,55.49,68,89,6.82
145,Manokwari,ID,2021-06-03 21:44:05,-0.8667,134.0833,76.66,86,100,5.68
146,Aykhal,RU,2021-06-03 21:44:05,66.0,111.5,52.83,58,100,5.73
147,Mar Del Plata,AR,2021-06-03 21:44:06,-38.0023,-57.5575,57.09,52,0,4.0
148,Kinross,AU,2021-06-03 21:44:06,-31.7187,115.7384,49.8,98,0,9.06
149,Russell,US,2021-06-03 21:44:06,32.3502,-85.1999,87.08,54,1,5.75
150,Dhidhdhoo,MV,2021-06-03 21:42:03,6.8833,73.1,82.4,80,87,16.33
151,Saint Anthony,US,2021-06-03 21:44:07,45.0205,-93.218,91.72,30,1,1.01
152,Yarim,YE,2021-06-03 21:44:07,14.298,44.3779,61.52,36,83,2.64
153,Leningradskiy,RU,2021-06-03 21:44:07,69.3833,178.4167,31.28,80,72,7.27
154,Pisco,PE,2021-06-03 21:44:08,-13.7,-76.2167,66.25,77,20,11.5
155,Torbay,CA,2021-06-03 21:44:08,47.6666,-52.7314,74.17,40,75,18.41
156,Port Lincoln,AU,2021-06-03 21:44:08,-34.7333,135.8667,57.0,79,34,9.37
157,Grindavik,IS,2021-06-03 21:44:09,63.8424,-22.4338,51.75,81,75,33.49
158,Port Augusta,AU,2021-06-03 21:44:09,-32.5,137.7667,53.71,91,9,3.38
159,Buala,SB,2021-06-03 21:44:09,-8.145,159.5921,81.91,79,100,5.12
160,Avera,US,2021-06-03 21:44:09,33.194,-82.5271,87.53,60,100,9.19
161,Andrews,US,2021-06-03 21:44:10,32.3187,-102.5457,80.08,40,40,5.75
162,Nantai,CN,2021-06-03 21:44:10,40.9241,122.8044,58.69,65,6,6.46
163,Walvis Bay,NA,2021-06-03 21:44:10,-22.9575,14.5053,67.15,15,0,10.4
164,Maldonado,UY,2021-06-03 21:44:11,-34.6667,-54.9167,57.22,75,79,6.85
165,Chazuta,PE,2021-06-03 21:44:11,-6.5742,-76.1367,90.45,95,93,1.61
166,Adre,TD,2021-06-03 21:44:11,13.4667,22.2,81.95,40,100,2.28
167,Wattegama,LK,2021-06-03 21:44:11,6.7989,81.4808,77.92,94,97,3.31
168,Aasiaat,GL,2021-06-03 21:41:30,68.7098,-52.8699,33.53,96,100,10.31
169,Qandala,SO,2021-06-03 21:44:12,11.472,49.8728,88.27,60,54,4.43
170,Port-Gentil,GA,2021-06-03 21:43:54,-0.7193,8.7815,78.76,89,40,10.36
171,Jalu,LY,2021-06-03 21:44:12,29.0331,21.5482,84.81,23,7,10.07
172,Olinda,BR,2021-06-03 21:44:13,-8.0089,-34.8553,76.73,78,20,9.08
173,Sangar,RU,2021-06-03 21:44:13,63.9242,127.4739,61.0,69,32,7.38
174,Mahebourg,MU,2021-06-03 21:44:13,-20.4081,57.7,74.25,78,40,12.66
175,Pokosnoye,RU,2021-06-03 21:44:14,55.5258,101.0536,57.06,55,42,5.77
176,Nishihara,JP,2021-06-03 21:44:14,26.1842,127.7558,82.06,94,75,13.06
177,Labuhan,ID,2021-06-03 21:44:14,-6.8844,112.2051,76.84,85,78,7.31
178,Emerald,AU,2021-06-03 21:44:14,-23.5333,148.1667,60.94,88,40,3.44
179,Tiksi,RU,2021-06-03 21:43:46,71.6872,128.8694,32.13,93,100,4.97
180,Santa Cruz Cabralia,BR,2021-06-03 21:44:15,-16.2781,-39.0247,77.23,78,40,7.67
181,Grand Gaube,MU,2021-06-03 21:44:15,-20.0064,57.6608,74.37,74,25,7.0
182,Sorong,ID,2021-06-03 21:44:15,-0.8833,131.25,78.15,87,100,7.49
183,Klyuchi,RU,2021-06-03 21:44:16,52.2667,79.1667,59.32,66,97,6.35
184,Tura,IN,2021-06-03 21:44:16,25.5198,90.2201,73.87,93,1,4.97
185,Airai,TL,2021-06-03 21:44:16,-8.9266,125.4092,57.56,90,44,3.15
186,Ilhabela,BR,2021-06-03 21:44:17,-23.7781,-45.3581,70.27,90,16,4.36
187,Lhokseumawe,ID,2021-06-03 21:44:17,5.1801,97.1507,78.33,87,70,3.33
188,Iquitos,PE,2021-06-03 21:44:17,-3.7481,-73.2472,82.44,78,75,4.61
189,Acari,PE,2021-06-03 21:44:18,-15.4311,-74.6158,71.53,61,98,4.47
190,Vestmannaeyjar,IS,2021-06-03 21:44:18,63.4427,-20.2734,48.67,82,100,25.43
191,Virginia Beach,US,2021-06-03 21:39:42,36.8529,-75.978,73.47,94,100,1.01
192,Nizwa,OM,2021-06-03 21:44:18,22.9333,57.5333,90.86,22,0,4.16
193,Smidovich,RU,2021-06-03 21:44:19,48.6,133.8167,52.9,98,100,4.83
194,Steinbach,DE,2021-06-03 21:44:19,50.1667,8.5667,68.65,85,0,4.29
195,Eureka,US,2021-06-03 21:44:19,40.8021,-124.1637,65.19,80,47,5.99
196,Lakhipur,IN,2021-06-03 21:44:19,26.0299,90.3041,76.93,88,13,2.89
197,Ugoofaaru,MV,2021-06-03 21:44:20,5.6667,73.0,82.38,78,100,14.99
198,Tulagi,SB,2021-06-03 21:44:20,-9.0996,160.1476,82.04,76,100,10.29
199,Lubango,AO,2021-06-03 21:44:20,-14.9172,13.4925,56.43,39,0,4.79
200,Morant Bay,JM,2021-06-03 21:44:21,17.8815,-76.4093,84.65,74,75,10.13
201,Florence,IT,2021-06-03 21:44:21,43.7667,11.25,66.36,62,7,4.61
202,San Vicente,AR,2021-06-03 21:44:21,-26.6167,-54.1333,66.47,77,20,1.95
203,Sanming,CN,2021-06-03 21:44:21,26.2486,117.6186,76.24,99,100,2.15
204,Uyuni,BO,2021-06-03 21:44:22,-20.4597,-66.825,45.1,23,55,1.05
205,Muros,ES,2021-06-03 21:44:22,42.7762,-9.0603,54.09,76,21,7.23
206,Roald,NO,2021-06-03 21:44:22,62.5833,6.1333,62.91,72,0,8.05
207,Pangnirtung,CA,2021-06-03 21:44:23,66.1451,-65.7125,37.4,70,90,8.05
208,Ushtobe,KZ,2021-06-03 21:44:23,45.2514,77.9838,72.59,44,46,8.75
209,Plock,PL,2021-06-03 21:44:23,52.5468,19.7064,55.36,73,87,5.37
210,Solnechnyy,RU,2021-06-03 21:44:24,50.7214,136.6319,52.52,99,100,5.55
211,Rabaul,PG,2021-06-03 21:44:17,-4.1967,152.1721,80.53,77,90,3.22
212,Lompoc,US,2021-06-03 21:43:39,34.6391,-120.4579,84.34,68,40,5.01
213,Luwuk,ID,2021-06-03 21:44:24,-0.9516,122.7875,77.92,83,100,4.99
214,Tuxpan,MX,2021-06-03 21:44:24,19.55,-103.4,76.77,62,99,6.76
215,Arman,RU,2021-06-03 21:44:25,59.7,150.1667,39.61,94,100,0.69
216,Bonthe,SL,2021-06-03 21:44:25,7.5264,-12.505,80.42,86,98,6.91
217,Thaba-Tseka,LS,2021-06-03 21:44:25,-29.522,28.6084,24.22,93,78,4.14
218,Sulangan,PH,2021-06-03 21:44:26,11.1373,123.7228,83.5,74,100,3.15
219,Almaznyy,RU,2021-06-03 21:44:26,48.0448,40.045,55.54,98,100,6.98
220,Bonfim,BR,2021-06-03 21:44:26,3.0833,-59.95,76.89,87,99,5.19
221,Tiznit,MA,2021-06-03 21:44:26,29.5833,-9.5,64.44,69,100,2.59
222,Ahipara,NZ,2021-06-03 21:44:13,-35.1667,173.1667,58.57,64,17,1.79
223,Camana,PE,2021-06-03 21:44:27,-16.6228,-72.7111,65.19,78,95,2.95
224,Baruun-Urt,MN,2021-06-03 21:43:50,46.6806,113.2792,46.81,70,14,11.54
225,Kavaratti,IN,2021-06-03 21:43:55,10.5669,72.642,83.86,75,100,16.46
226,Tasiilaq,GL,2021-06-03 21:44:00,65.6145,-37.6368,44.76,76,79,5.21
227,Ningxiang,CN,2021-06-03 21:44:27,37.34,111.2052,54.41,39,0,4.09
228,Moindou,NC,2021-06-03 21:44:28,-21.6924,165.677,66.15,66,5,4.0
229,Neftcala,AZ,2021-06-03 21:44:28,39.3742,49.2472,68.56,72,0,9.73
230,Nikel,RU,2021-06-03 21:44:28,69.4128,30.222,62.78,54,73,8.43
231,Spasskoye,RU,2021-06-03 21:44:29,44.6108,132.7969,55.33,91,100,4.94
232,Palencia,ES,2021-06-03 21:44:29,42.4167,-4.5,53.8,96,80,16.67
233,Mantua,IT,2021-06-03 21:44:29,45.1667,10.7833,72.55,70,53,5.55
234,Geraldton,AU,2021-06-03 21:44:30,-28.7667,114.6,46.81,93,0,10.47
235,Praia Da Vitoria,PT,2021-06-03 21:44:30,38.7333,-27.0667,64.65,68,20,6.87
236,Santiago Del Estero,AR,2021-06-03 21:41:25,-27.7951,-64.2615,71.33,62,1,4.74
237,Cabedelo,BR,2021-06-03 21:44:30,-6.9811,-34.8339,77.67,77,23,11.34
238,Margate,GB,2021-06-03 21:44:31,51.3813,1.3862,64.26,75,25,8.88
239,Saint-Augustin,CA,2021-06-03 21:44:31,51.226,-58.6502,60.82,61,95,18.95
240,Camapua,BR,2021-06-03 21:44:31,-19.5314,-54.0439,81.55,34,79,3.65
241,Ponta Do Sol,PT,2021-06-03 21:44:31,32.6667,-17.1,65.03,52,49,8.1
242,Caldwell,US,2021-06-03 21:40:45,43.6629,-116.6874,102.52,18,1,0.0
243,Kaitangata,NZ,2021-06-03 21:44:32,-46.2817,169.8464,48.92,83,100,3.11
244,Cururupu,BR,2021-06-03 21:44:32,-1.8283,-44.8683,74.88,96,28,2.68
245,Puerto Del Rosario,ES,2021-06-03 21:44:32,28.5004,-13.8627,67.75,73,20,17.27
246,Derzhavinsk,KZ,2021-06-03 21:44:33,51.1,66.3167,65.7,53,78,3.91
247,Fareham,GB,2021-06-03 21:44:33,50.8516,-1.1793,59.81,86,87,1.99
248,Ouango,CF,2021-06-03 21:44:33,4.3133,22.5552,70.43,93,53,3.13
249,Boa Vista,BR,2021-06-03 21:44:34,2.8197,-60.6733,76.98,88,75,4.61
250,Hasaki,JP,2021-06-03 21:44:34,35.7333,140.8333,70.29,83,100,25.77
251,Noumea,NC,2021-06-03 21:44:34,-22.2763,166.4572,71.01,99,3,3.04
252,Namtsy,RU,2021-06-03 21:44:35,62.7161,129.6658,60.91,48,18,3.56
253,Hukuntsi,BW,2021-06-03 21:44:35,-24.0,21.75,50.13,50,0,7.87
254,Maningrida,AU,2021-06-03 21:44:35,-12.0667,134.2667,70.11,90,33,7.2
255,Cervo,ES,2021-06-03 21:44:35,43.6702,-7.4101,51.96,76,27,2.15
256,Turayf,SA,2021-06-03 21:44:36,31.6725,38.6637,75.45,19,0,11.5
257,Touros,BR,2021-06-03 21:39:47,-5.1989,-35.4608,79.7,74,20,12.46
258,Aba,NG,2021-06-03 21:44:36,5.1066,7.3667,80.22,92,6,4.54
259,Ejura,GH,2021-06-03 21:44:37,7.3856,-1.3562,78.89,78,10,8.12
260,Saldanha,ZA,2021-06-03 21:44:37,-33.0117,17.9442,50.05,65,57,5.57
261,Richards Bay,ZA,2021-06-03 21:44:37,-28.783,32.0377,62.29,67,100,20.29
262,Villazon,BO,2021-06-03 21:44:37,-22.0866,-65.5942,52.45,12,51,5.79
263,Inuvik,CA,2021-06-03 21:44:38,68.3499,-133.7218,49.06,76,90,6.91
264,Mayumba,GA,2021-06-03 21:44:38,-3.432,10.6554,76.44,92,4,6.15
265,Longyearbyen,SJ,2021-06-03 21:44:38,78.2186,15.6401,37.24,70,40,3.44
266,Kodiak,US,2021-06-03 21:44:39,57.79,-152.4072,47.07,80,68,7.07
267,Quatre Cocos,MU,2021-06-03 21:44:39,-20.2078,57.7625,74.08,72,50,16.24
268,Rosehearty,GB,2021-06-03 21:44:39,57.697,-2.1132,57.27,80,74,15.28
269,Pevek,RU,2021-06-03 21:43:30,69.7008,170.3133,34.75,74,54,2.21
270,Nhulunbuy,AU,2021-06-03 21:44:40,-12.2333,136.7667,72.21,94,63,5.75
271,Gondanglegi,ID,2021-06-03 21:44:40,-7.7479,112.0132,73.33,90,73,3.78
272,Maraa,BR,2021-06-03 21:44:41,-1.8333,-65.3667,75.85,96,61,2.95
273,Andenes,NO,2021-06-03 21:44:41,69.3143,16.1194,58.98,51,0,5.75
274,Akyab,MM,2021-06-03 21:44:41,20.15,92.9,83.95,79,99,8.41
275,Bondo,CD,2021-06-03 21:44:41,3.8146,23.6866,69.12,96,53,2.44
276,Coari,BR,2021-06-03 21:44:42,-4.085,-63.1414,78.48,82,93,2.37
277,Ocampo,MX,2021-06-03 21:44:42,21.65,-101.5,76.28,49,100,2.28
278,Acarau,BR,2021-06-03 21:44:42,-2.8856,-40.12,79.7,74,11,14.92
279,Chiredzi,ZW,2021-06-03 21:44:43,-21.05,31.6667,54.46,64,0,4.63
280,Bacolod,PH,2021-06-03 21:44:43,10.6667,122.95,79.23,89,97,5.66
281,Tautira,PF,2021-06-03 21:44:01,-17.7333,-149.15,84.22,83,54,16.69
282,Guerrero Negro,MX,2021-06-03 21:44:43,27.9769,-114.0611,74.03,49,4,13.06
283,Kango,GA,2021-06-03 21:44:43,0.1943,10.0951,74.91,96,33,1.74
284,Vermillion,US,2021-06-03 21:44:44,42.7794,-96.9292,90.27,36,76,9.53
285,Helong,CN,2021-06-03 21:44:44,42.5397,128.9972,55.67,67,26,7.29
286,Auki,SB,2021-06-03 21:44:44,-8.7676,160.7034,81.03,83,100,3.62
287,Saint George,US,2021-06-03 21:44:39,37.1041,-113.5841,106.27,11,1,5.01
288,Malyye Derbety,RU,2021-06-03 21:44:45,47.9547,44.6808,59.4,83,3,14.07
289,Truth Or Consequences,US,2021-06-03 21:44:45,33.1284,-107.2528,92.91,15,1,5.59
290,Ostersund,SE,2021-06-03 21:44:45,63.1792,14.6357,61.25,44,34,10.36
291,Bardiyah,LY,2021-06-03 21:44:46,31.7561,25.0865,69.03,69,0,5.39
292,Iqaluit,CA,2021-06-03 21:44:46,63.7506,-68.5145,33.53,69,75,11.99
293,Tomatlan,MX,2021-06-03 21:44:46,19.9333,-105.25,85.42,56,100,3.11
294,Havelock,US,2021-06-03 21:44:47,34.8791,-76.9013,78.78,91,75,5.01
295,Sao Filipe,CV,2021-06-03 21:44:09,14.8961,-24.4956,74.41,76,8,7.16
296,Isla Vista,US,2021-06-03 21:44:47,34.4133,-119.861,84.56,61,1,10.36
297,Tiarei,PF,2021-06-03 21:44:47,-17.5333,-149.3333,84.22,82,19,14.23
298,Saint-Jovite,CA,2021-06-03 21:43:54,46.1186,-74.5966,62.82,94,100,1.14
299,Aswan,EG,2021-06-03 21:44:48,24.0934,32.907,86.05,16,75,19.64
300,Mirador,BR,2021-06-03 21:44:48,-6.3708,-44.3631,78.48,62,74,2.26
301,Luau,AO,2021-06-03 21:44:48,-10.7073,22.2247,64.53,45,5,7.85
302,Keti Bandar,PK,2021-06-03 21:44:49,24.1447,67.4497,84.24,77,53,10.85
303,Okhotsk,RU,2021-06-03 21:44:49,59.3833,143.3,42.37,83,1,4.12
304,Nivala,FI,2021-06-03 21:44:49,63.9167,24.9667,57.4,67,100,5.68
305,Kuznechnoye,RU,2021-06-03 21:44:50,61.12,29.8686,57.69,70,6,2.91
306,Lufilufi,WS,2021-06-03 21:44:50,-13.8745,-171.5986,85.78,67,44,10.6
307,Zalantun,CN,2021-06-03 21:44:50,48.0,122.7167,51.06,91,100,3.91
308,Konstantinovka,RU,2021-06-03 21:44:51,49.6167,127.9833,51.26,97,100,7.05
309,Te Anau,NZ,2021-06-03 21:44:51,-45.4167,167.7167,48.11,90,100,5.06
310,Marsh Harbour,BS,2021-06-03 21:44:51,26.5412,-77.0636,79.25,76,47,15.35
311,Waingapu,ID,2021-06-03 21:44:51,-9.6567,120.2641,75.67,89,52,6.51
312,Nanortalik,GL,2021-06-03 21:44:21,60.1432,-45.2371,36.75,86,91,13.42
313,Merauke,ID,2021-06-03 21:43:44,-8.4667,140.3333,78.26,80,76,12.44
314,Casper,US,2021-06-03 21:44:06,42.8666,-106.3131,86.72,15,1,4.0
315,Lasa,IT,2021-06-03 21:44:52,46.6166,10.7002,67.08,95,63,1.16
316,Flin Flon,CA,2021-06-03 21:44:52,54.7682,-101.865,66.04,72,90,7.54
317,Sitka,US,2021-06-03 21:43:17,57.0531,-135.33,49.89,76,90,6.91
318,Ancud,CL,2021-06-03 21:44:53,-41.8697,-73.8203,51.42,90,100,10.6
319,Senneterre,CA,2021-06-03 21:44:53,48.3835,-77.2328,62.82,75,89,6.35
320,Coos Bay,US,2021-06-03 21:44:53,43.3665,-124.2179,87.85,78,75,16.11
321,Sayyan,YE,2021-06-03 21:44:54,15.1718,44.3244,65.01,25,92,4.12
322,Laukaa,RU,2021-06-03 21:44:54,58.7372,29.8453,51.44,85,98,5.06
323,Qinzhou,CN,2021-06-03 21:44:54,21.95,108.6167,74.71,92,100,16.96
324,Santa Cruz,BO,2021-06-03 21:41:06,-17.8,-63.1667,78.85,73,40,6.91
325,Hamilton,US,2021-06-03 21:41:41,39.1834,-84.5333,73.99,88,75,1.01
326,Batagay-Alyta,RU,2021-06-03 21:44:55,67.8006,130.4114,63.5,51,84,5.7
327,Faanui,PF,2021-06-03 21:44:55,-16.4833,-151.75,80.04,78,51,9.42
328,Husavik,IS,2021-06-03 21:44:55,66.0449,-17.3389,48.11,65,100,1.74
329,Sistranda,NO,2021-06-03 21:44:56,63.7256,8.834,60.91,82,7,6.35
330,Zeya,RU,2021-06-03 21:44:56,53.75,127.2667,59.34,63,76,10.54
331,Iroquois Falls,CA,2021-06-03 21:44:56,48.7669,-80.6831,73.54,88,100,9.24
332,Presidencia Roque Saenz Pena,AR,2021-06-03 21:44:57,-26.7852,-60.4388,77.13,65,36,8.14
333,Maniitsoq,GL,2021-06-03 21:44:57,65.4167,-52.9,36.05,70,100,12.33
334,Mumford,GH,2021-06-03 21:44:57,5.2618,-0.759,80.78,85,12,11.1
335,Toguchin,RU,2021-06-03 21:44:58,55.2353,84.3858,49.5,75,79,9.26
336,Nouadhibou,MR,2021-06-03 21:44:58,20.931,-17.0347,71.58,64,71,17.27
337,Nicoya,CR,2021-06-03 21:44:58,10.1483,-85.452,90.95,80,99,2.57
338,Tuatapere,NZ,2021-06-03 21:43:32,-46.1333,167.6833,49.82,84,89,8.05
339,Beauceville,CA,2021-06-03 21:44:59,46.2179,-70.7787,62.8,94,100,4.61
340,Surt,LY,2021-06-03 21:44:59,31.2089,16.5887,70.72,77,50,15.9
341,Rumoi,JP,2021-06-03 21:44:59,43.9344,141.6428,61.29,73,100,20.2
342,La Ronge,CA,2021-06-03 21:44:59,55.1001,-105.2842,75.42,53,75,10.36
343,Yauya,PE,2021-06-03 21:45:00,-8.9833,-77.3,57.78,57,72,7.34
344,Champerico,GT,2021-06-03 21:45:00,14.3,-91.9167,90.14,65,8,6.44
345,Suslonger,RU,2021-06-03 21:45:00,56.3156,48.2531,50.72,62,0,12.01
346,Oranjemund,NA,2021-06-03 21:44:54,-28.55,16.4333,65.88,41,0,8.95
347,Pangoa,PE,2021-06-03 21:45:01,-12.1167,-73.0,70.14,98,100,0.85
348,Cayenne,GF,2021-06-03 21:45:01,4.9333,-52.3333,82.09,83,75,3.0
349,Brewster,US,2021-06-03 21:45:01,41.3973,-73.6171,74.05,87,90,1.01
350,Ambilobe,MG,2021-06-03 21:45:02,-13.2,49.05,68.67,89,24,2.93
351,Verkhnyaya Inta,RU,2021-06-03 21:45:02,65.9811,60.3094,42.28,75,79,14.58
352,Cairns,AU,2021-06-03 21:42:39,-16.9167,145.7667,70.95,100,46,0.0
353,Tromso,NO,2021-06-03 21:45:02,69.6496,18.957,56.37,62,0,4.61
354,Itaituba,BR,2021-06-03 21:45:03,-4.2761,-55.9836,81.12,69,33,3.31
355,Davila,PH,2021-06-03 21:45:04,18.4726,120.5763,78.78,75,79,18.32
356,Kalmunai,LK,2021-06-03 21:45:04,7.4167,81.8167,79.29,85,100,3.0
357,Buraydah,SA,2021-06-03 21:42:53,26.326,43.975,97.25,13,12,9.51
358,Sur,OM,2021-06-03 21:45:04,22.5667,59.5289,91.15,45,0,11.63
359,Shu,KZ,2021-06-03 21:45:05,43.5983,73.7614,70.14,45,78,10.45
360,Pacific Grove,US,2021-06-03 21:45:05,36.6177,-121.9166,91.06,76,1,4.0
361,Roanoke Rapids,US,2021-06-03 21:45:05,36.4615,-77.6542,72.21,91,100,16.06
362,Suntar,RU,2021-06-03 21:45:06,62.1444,117.6319,67.55,50,52,5.28
363,Salalah,OM,2021-06-03 21:42:30,17.0151,54.0924,80.69,83,40,4.61
364,Kununurra,AU,2021-06-03 21:42:49,-15.7667,128.7333,73.38,49,75,5.75
365,Ippy,CF,2021-06-03 21:45:06,6.2679,21.2247,68.68,97,28,5.91
366,Navirai,BR,2021-06-03 21:41:31,-23.065,-54.1906,72.28,64,0,5.35
367,Tucuma,BR,2021-06-03 21:43:13,-0.1833,-50.05,76.53,93,35,6.78
368,Riyadh,SA,2021-06-03 21:40:50,24.6877,46.7219,95.05,13,0,5.75
369,Petropavlovsk-Kamchatskiy,RU,2021-06-03 21:45:06,53.0452,158.6483,55.99,51,17,11.56
370,North Bend,US,2021-06-03 21:45:07,43.4065,-124.2243,77.99,78,75,16.11
371,Coihaique,CL,2021-06-03 21:44:00,-45.5752,-72.0662,43.41,96,92,6.82
372,Shubarshi,KZ,2021-06-03 21:45:07,48.5872,57.1869,67.93,75,81,14.67
373,Mussomeli,IT,2021-06-03 21:45:07,37.5778,13.7513,64.18,75,72,2.77
374,Saint-Pierre,RE,2021-06-03 21:45:08,-21.3393,55.4781,71.24,63,0,3.44
375,Port Blair,IN,2021-06-03 21:45:08,11.6667,92.75,82.74,76,100,3.87
376,Mount Isa,AU,2021-06-03 21:45:09,-20.7333,139.5,56.97,72,36,10.36
377,Nokaneng,BW,2021-06-03 21:45:09,-19.6667,22.2667,52.16,50,0,6.26
378,Whyalla,AU,2021-06-03 21:45:09,-33.0333,137.5833,49.89,100,9,8.05
379,Pelym,RU,2021-06-03 21:45:10,61.0108,61.9978,36.12,62,1,3.91
380,Beranang,MY,2021-06-03 21:45:10,2.8733,101.8697,78.58,89,90,1.95
381,Mangrol,IN,2021-06-03 21:45:10,21.1167,70.1167,82.58,81,64,9.4
382,Ust-Kulom,RU,2021-06-03 21:45:11,61.6864,53.6902,43.18,64,1,3.24
383,Lagoa,PT,2021-06-03 21:45:11,39.05,-27.9833,61.39,70,19,13.47
384,Arauca,CO,2021-06-03 21:45:11,7.0847,-70.7591,78.64,91,91,2.51
385,Plouzane,FR,2021-06-03 21:45:11,48.3833,-4.6167,51.89,78,0,4.45
386,Qasigiannguit,GL,2021-06-03 21:45:12,68.8193,-51.1922,41.25,92,93,5.57
387,Rawson,AR,2021-06-03 21:45:12,-43.3002,-65.1023,47.75,90,100,6.62
388,Atambua,ID,2021-06-03 21:45:12,-9.1061,124.8925,71.33,90,16,4.36
389,Sterling,US,2021-06-03 21:41:09,39.0062,-77.4286,82.27,72,75,4.0
390,Vila,PT,2021-06-03 21:45:13,42.0304,-8.1588,48.74,90,7,4.25
391,Sajanan,TN,2021-06-03 21:45:13,37.0573,9.2426,74.32,70,98,5.37
392,Ordubad,AZ,2021-06-03 21:45:13,38.9059,46.0234,64.49,62,0,4.27
393,Emba,KZ,2021-06-03 21:45:14,48.8264,58.1442,69.24,70,77,6.35
394,Ishigaki,JP,2021-06-03 21:45:14,24.3448,124.1572,82.53,94,75,11.5
395,Kirakira,SB,2021-06-03 21:45:14,-10.4544,161.9205,80.24,87,100,7.58
396,Kangaatsiaq,GL,2021-06-03 21:45:15,68.3065,-53.4641,32.67,98,100,9.44
397,Ilulissat,GL,2021-06-03 21:45:15,69.2167,-51.1,41.02,65,89,4.61
398,Dingle,PH,2021-06-03 21:45:15,10.9995,122.6711,77.11,88,100,2.04
399,Rottingdean,GB,2021-06-03 21:45:16,50.8098,-0.0594,64.02,85,94,1.01
400,Arys,KZ,2021-06-03 21:45:16,42.4252,68.795,75.42,29,0,2.59
401,Preobrazheniye,RU,2021-06-03 21:45:16,42.9019,133.9064,53.28,98,100,4.32
402,Burgeo,CA,2021-06-03 21:45:16,47.6167,-57.6152,54.88,79,75,5.14
403,Dunedin,NZ,2021-06-03 21:44:12,-45.8742,170.5036,48.79,80,100,1.99
404,Saqqez,IR,2021-06-03 21:45:17,36.2499,46.2735,58.8,26,3,5.08
405,Tazovskiy,RU,2021-06-03 21:45:17,67.4667,78.7,31.35,83,56,8.93
406,Coquimbo,CL,2021-06-03 21:45:17,-29.9533,-71.3436,58.73,88,75,1.61
407,Klaksvik,FO,2021-06-03 21:44:41,62.2266,-6.589,49.12,93,85,17.49
408,Bengkulu,ID,2021-06-03 21:45:18,-3.8004,102.2655,76.55,90,91,2.84
409,Alofi,NU,2021-06-03 21:45:18,-19.0595,-169.9187,75.09,100,82,5.75
410,Codrington,AU,2021-06-03 21:45:18,-38.2667,141.9667,51.22,70,64,17.58
411,Zhezkazgan,KZ,2021-06-03 21:45:19,47.8043,67.7144,67.12,65,1,5.75
412,Sweetwater,US,2021-06-03 21:45:19,25.7634,-80.3731,84.97,78,75,10.36
413,Salina,US,2021-06-03 21:42:24,38.8403,-97.6114,84.94,36,1,0.0
414,Porto Santo,PT,2021-06-03 21:45:19,33.072,-16.3415,64.31,59,20,11.5
415,San Luis,AR,2021-06-03 21:45:20,-33.295,-66.3356,62.28,55,49,9.22
416,Tual,ID,2021-06-03 21:45:20,-5.6667,132.75,81.75,75,64,18.9
417,Aklavik,CA,2021-06-03 21:45:20,68.2191,-135.0107,49.03,76,75,8.05
418,Mudgee,AU,2021-06-03 21:45:21,-32.5943,149.5871,51.85,93,90,13.8
419,Dekar,BW,2021-06-03 21:45:21,-21.5333,21.9333,49.96,55,0,6.35
420,Shubarkuduk,KZ,2021-06-03 21:45:21,49.1447,56.4872,65.86,82,30,10.92
421,Narsaq,GL,2021-06-03 21:45:22,60.9167,-46.05,52.02,70,75,3.91
422,Portland,US,2021-06-03 21:43:19,45.5234,-122.6762,86.14,49,20,1.99
423,Talnakh,RU,2021-06-03 21:45:22,69.4865,88.3972,32.56,99,100,5.08
424,Taylor,US,2021-06-03 21:41:01,32.3001,-99.8337,79.74,63,90,1.99
425,Chuy,UY,2021-06-03 21:43:26,-33.6971,-53.4616,52.16,64,40,7.14
426,Cuamba,MZ,2021-06-03 21:45:22,-14.8031,36.5372,63.01,96,27,3.44
427,Bintulu,MY,2021-06-03 21:45:23,3.1667,113.0333,81.01,94,20,1.01
428,Deputatskiy,RU,2021-06-03 21:45:23,69.3,139.9,61.41,37,100,3.69
429,Renqiu,CN,2021-06-03 21:45:23,38.6989,116.0936,66.65,26,0,10.54
430,Lavrentiya,RU,2021-06-03 21:45:24,65.5833,-171.0,33.12,69,99,5.01
431,Isangel,VU,2021-06-03 21:43:35,-19.55,169.2667,76.37,65,27,12.91
432,Xai-Xai,MZ,2021-06-03 21:45:24,-25.0519,33.6442,64.13,87,94,23.04
433,Santa Cruz De La Palma,ES,2021-06-03 21:45:24,28.6835,-17.7642,68.14,73,90,12.66
434,Niono,ML,2021-06-03 21:45:25,14.2526,-5.993,97.14,21,82,7.87
435,Ust-Nera,RU,2021-06-03 21:45:25,64.5667,143.2,57.2,38,21,4.85
436,Elat,IL,2021-06-03 21:45:25,29.5581,34.9482,80.44,44,0,16.11
437,Kenora,CA,2021-06-03 21:45:25,49.8167,-94.4337,83.37,34,40,5.75
438,Devonport,AU,2021-06-03 21:45:26,-41.1667,146.35,46.09,70,75,14.07
439,Manzhouli,CN,2021-06-03 21:45:26,49.6,117.4333,53.73,68,94,13.49
440,Amga,RU,2021-06-03 21:45:26,60.8953,131.9608,64.81,49,14,1.14
441,General Roca,AR,2021-06-03 21:45:27,-39.0333,-67.5833,75.6,40,60,28.41
442,Pell City,US,2021-06-03 21:45:27,33.5862,-86.2861,82.76,87,40,1.01
443,Kuusamo,FI,2021-06-03 21:45:27,65.9667,29.1833,53.64,71,0,1.14
444,Moratuwa,LK,2021-06-03 21:45:28,6.773,79.8816,80.62,88,100,10.45
445,Wahiawa,US,2021-06-03 21:45:28,21.5028,-158.0236,82.72,55,75,11.5
446,Bluefield,US,2021-06-03 21:45:28,37.2698,-81.2223,71.64,77,1,4.61
447,Angoram,PG,2021-06-03 21:45:29,-4.0625,144.0661,76.73,97,85,1.72
448,Sonoita,MX,2021-06-03 21:45:29,31.85,-112.8333,101.53,10,0,17.25
449,Fatehpur,IN,2021-06-03 21:45:29,25.9333,80.8,91.26,35,58,2.57
450,Ecully,FR,2021-06-03 21:45:29,45.7773,4.7748,71.02,73,0,3.15
451,Nouakchott,MR,2021-06-03 21:45:30,18.0858,-15.9785,76.93,62,5,25.84
452,Broome,US,2021-06-03 21:45:30,42.2506,-75.833,71.42,85,90,1.99
453,Ivanava,BY,2021-06-03 21:45:30,52.1451,25.5365,56.16,78,83,5.5
454,Mastung,PK,2021-06-03 21:45:31,29.7994,66.845,72.99,52,0,5.1
455,San Jose,US,2021-06-03 21:44:48,37.3394,-121.895,94.51,42,1,5.75
456,Biak,ID,2021-06-03 21:45:31,-0.9131,122.8766,76.75,84,100,6.53
457,Xique-Xique,BR,2021-06-03 21:45:31,-10.8218,-42.7263,83.48,45,30,10.78
458,Imperia,IT,2021-06-03 21:45:32,43.9667,7.7833,64.15,54,11,5.03
459,Galashki,RU,2021-06-03 21:45:32,43.1136,44.9894,59.95,90,89,1.25
460,Goundi,TD,2021-06-03 21:45:32,9.3627,17.366,86.02,45,11,6.15
461,Baracoa,CU,2021-06-03 21:45:32,20.3467,-74.4958,80.8,78,87,8.79
462,Bitlis,TR,2021-06-03 21:45:33,38.5,42.25,48.96,42,0,5.64
463,Baherden,TM,2021-06-03 21:45:33,38.4362,57.4316,85.24,37,0,2.19
464,Imbituba,BR,2021-06-03 21:45:33,-28.24,-48.6703,64.29,87,3,4.79
465,Cap Malheureux,MU,2021-06-03 21:45:34,-19.9842,57.6142,74.46,74,25,7.0
466,Denpasar,ID,2021-06-03 21:45:34,-8.65,115.2167,80.26,94,20,5.28
467,Oum Hadjer,TD,2021-06-03 21:45:34,13.2954,19.6966,92.34,30,30,12.64
468,Harper,LR,2021-06-03 21:45:35,4.375,-7.7169,79.68,83,100,6.29
469,Mao,ES,2021-06-03 21:45:35,39.8885,4.2658,68.56,83,0,12.66
470,Tilichiki,RU,2021-06-03 21:45:35,60.4667,166.1,48.72,53,54,15.05
471,Palmer,US,2021-06-03 21:45:35,42.1584,-72.3287,71.62,77,90,4.0
472,Qinhuangdao,CN,2021-06-03 21:45:36,39.9317,119.5883,65.08,40,4,4.52
473,Lincoln,US,2021-06-03 21:41:32,40.8,-96.667,86.07,31,1,10.36
474,Chornukhy,UA,2021-06-03 21:45:36,50.2673,32.942,51.3,90,94,9.8
475,Khandyga,RU,2021-06-03 21:45:36,62.6667,135.6,63.9,30,62,3.22
476,Lafiagi,NG,2021-06-03 21:45:37,8.8667,5.4167,75.85,87,32,3.42
477,Sorland,NO,2021-06-03 21:45:37,67.667,12.6934,53.67,80,6,3.94
478,Kawalu,ID,2021-06-03 21:45:37,-7.3817,108.2082,74.26,94,100,0.76
479,Surin,TH,2021-06-03 21:45:38,14.8818,103.4936,82.38,72,82,5.21
480,Mardin,TR,2021-06-03 21:45:38,37.3131,40.7436,57.31,29,0,1.63
481,Flinders,AU,2021-06-03 21:45:38,-34.5833,150.8552,56.05,83,38,10.47
482,Pundaguitan,PH,2021-06-03 21:45:38,6.3711,126.1689,82.69,77,57,8.34
483,Korla,CN,2021-06-03 21:45:39,41.7597,86.1469,77.74,23,81,3.18
484,Karpathos,GR,2021-06-03 21:45:39,35.507,27.2132,67.03,74,0,15.99
485,Lakatoro,VU,2021-06-03 21:45:39,-16.0999,167.4164,78.19,69,30,6.44
486,Plettenberg Bay,ZA,2021-06-03 21:45:40,-34.0527,23.3716,55.09,66,33,4.29
487,Irtyshskiy,RU,2021-06-03 21:45:40,58.3333,68.1333,40.01,60,51,12.68
488,Awbari,LY,2021-06-03 21:45:40,26.5921,12.7805,92.61,14,33,6.58
489,Namanyere,TZ,2021-06-03 21:45:40,-7.5167,31.05,61.2,77,85,4.68
490,Piacabucu,BR,2021-06-03 21:45:41,-10.4056,-36.4344,76.35,83,31,8.72
491,Comodoro Rivadavia,AR,2021-06-03 21:45:02,-45.8667,-67.5,46.26,87,75,8.05
492,Singkawang,ID,2021-06-03 21:45:41,0.9,109.0,77.23,95,77,3.02
493,Chabahar,IR,2021-06-03 21:45:41,25.2919,60.643,84.4,85,0,12.68
494,Murray Bridge,AU,2021-06-03 21:45:42,-35.1167,139.2667,56.95,83,58,11.41
495,Dondo,MZ,2021-06-03 21:45:42,-19.6094,34.7431,71.11,68,0,5.97
496,Ust-Ishim,RU,2021-06-03 21:45:42,57.6935,71.1665,39.85,93,91,6.67
497,Itoman,JP,2021-06-03 21:45:43,26.1247,127.6694,82.78,94,75,12.66
498,Tandil,AR,2021-06-03 21:45:43,-37.3217,-59.1332,58.3,79,73,3.0
499,Puerto Escondido,MX,2021-06-03 21:45:43,15.85,-97.0667,88.63,62,40,5.75
500,Marshall,US,2021-06-03 21:42:07,34.3834,-86.3333,84.11,68,40,1.01
501,Lumberton,US,2021-06-03 21:41:12,34.6182,-79.0086,75.92,85,100,11.65
502,Saint-Georges,GD,2021-06-03 21:45:44,12.0564,-61.7485,83.88,70,75,20.71
503,Krasnyy Chikoy,RU,2021-06-03 21:45:44,50.3643,108.7512,48.4,93,71,2.64
504,Port-Cartier,CA,2021-06-03 21:45:44,50.0334,-66.8654,59.76,80,100,8.48
505,Sambava,MG,2021-06-03 21:45:44,-14.2667,50.1667,71.15,90,77,7.58
506,Aguimes,ES,2021-06-03 21:45:45,27.9054,-15.4461,65.66,72,40,23.02
507,Mogadishu,SO,2021-06-03 21:45:12,2.0371,45.3438,78.51,85,20,16.55
508,Yatou,CN,2021-06-03 21:45:45,37.15,122.3833,59.41,58,11,8.41
509,Prenzlau,DE,2021-06-03 21:45:45,53.3167,13.8667,64.42,71,100,8.37
510,Xiongzhou,CN,2021-06-03 21:45:46,25.1167,114.3,68.99,98,100,2.86
511,Shimoda,JP,2021-06-03 21:45:46,34.6667,138.95,68.11,96,100,16.44
512,Dalnegorsk,RU,2021-06-03 21:45:46,44.5604,135.5701,49.95,99,100,2.33
513,Zwedru,LR,2021-06-03 21:45:47,6.0667,-8.1281,74.08,96,97,3.67
514,Puro,PH,2021-06-03 21:45:47,12.4841,123.3827,82.18,80,98,4.92
515,San Jeronimo,PE,2021-06-03 21:43:39,-11.9472,-75.2829,57.6,63,73,5.82
516,Nadym,RU,2021-06-03 21:45:47,65.5333,72.5167,35.38,75,100,10.2
517,Huoqiu,CN,2021-06-03 21:45:48,32.3394,116.2694,62.69,71,35,6.4
518,Uige,AO,2021-06-03 21:45:48,-7.6087,15.0613,67.87,70,11,2.91
519,Mount Hagen,PG,2021-06-03 21:45:48,-5.8581,144.2274,62.2,95,99,1.77
520,Tagusao,PH,2021-06-03 21:45:48,9.1924,117.8141,80.2,85,100,4.9
521,Canberra,AU,2021-06-03 21:45:29,-35.2835,149.1281,48.11,97,90,1.14
522,Yar-Sale,RU,2021-06-03 21:45:20,66.8333,70.8333,34.83,72,83,9.01
523,Viedma,AR,2021-06-03 21:45:49,-40.8135,-62.9967,57.51,69,100,10.69
524,Mackay,AU,2021-06-03 21:45:17,-21.15,149.2,65.68,94,37,6.91
525,Namatanai,PG,2021-06-03 21:45:49,-3.6667,152.4333,81.03,79,99,2.62
526,Woodstock,CA,2021-06-03 21:41:57,43.1334,-80.7497,73.42,79,100,10.13
527,Lena,ES,2021-06-03 21:45:50,43.1,-5.7333,46.13,98,100,3.85
528,Ostrovnoy,RU,2021-06-03 21:45:50,68.0531,39.5131,61.57,57,27,17.72
529,Isla Mujeres,MX,2021-06-03 21:45:50,21.2311,-86.731,86.16,74,2,11.34
530,Mayo,US,2021-06-03 21:45:14,38.8876,-76.5119,83.25,81,1,11.01
531,Hwange,ZW,2021-06-03 21:45:51,-18.3693,26.5019,56.91,29,0,6.76
532,Port Antonio,JM,2021-06-03 21:45:51,18.18,-76.4612,84.11,70,61,12.03
533,Alekseyevsk,RU,2021-06-03 21:45:51,57.8406,108.3492,63.61,50,4,3.38
534,Orje,NO,2021-06-03 21:45:52,59.4802,11.6602,59.85,65,19,3.02
535,Mehamn,NO,2021-06-03 21:45:52,71.0357,27.8492,58.91,71,35,17.6
536,Ormond Beach,US,2021-06-03 21:45:52,29.2858,-81.0559,86.18,76,20,11.5
537,Capao Da Canoa,BR,2021-06-03 21:45:52,-29.7456,-50.0097,60.39,86,2,7.11
538,Schmalkalden,DE,2021-06-03 21:45:53,50.7167,10.45,69.33,85,100,3.53
539,Lata,PT,2021-06-03 21:45:53,40.1629,-8.3327,56.05,87,0,4.47
540,Omboue,GA,2021-06-03 21:45:53,-1.5746,9.2618,76.37,91,8,4.63
541,Paita,PE,2021-06-03 21:45:54,-5.0892,-81.1144,77.56,79,2,17.58
542,Temnikov,RU,2021-06-03 21:45:54,54.6302,43.2148,51.26,76,82,11.79
543,Kuching,MY,2021-06-03 21:41:07,1.55,110.3333,79.02,94,20,0.0
544,Wuda,CN,2021-06-03 21:45:54,39.4994,106.7117,60.89,26,0,0.94
545,Oneonta,US,2021-06-03 21:45:55,42.4529,-75.0638,70.32,86,100,11.3
546,Berlevag,NO,2021-06-03 21:45:55,70.8578,29.0864,58.95,44,0,12.66
